B3,Residuos Peligrosos
B4,Residuos Peligrosos
B5,Residuos Peligrosos
B7,Centro de Servicio
B8,Centro de Servicio
B9,Centro de Servicio
B12,Centro de Servicio
B13,Centro de Servicio
B14,Residuos Peligrosos
B15,Infraestructura General
B16,Centro de Servicio
B17,Residuos Peligrosos
B18,Centro de Servicio
B19,Residuos Peligrosos
B20,Centro de Servicio
B21,Centro de Servicio
B22,Residuos Peligrosos
B23,Centro de Servicio
B26,Centro de Servicio
B27,Infraestructura General
B28,Residuos Peligrosos
B29,Centro de Servicio
B32,Infraestructura General
B39,Centro de Servicio
B35,Centro de Servicio
B36,Residuos Peligrosos
B95,Residuos Peligrosos
B108,Infraestructura General
B109,Centro de Servicio
B110,Centro de Servicio
B105,Infraestructura General
B112,Centro de Servicio
B118,Centro de Servicio
B115,Centro de Servicio
B124,Centro de Servicio
B129,Residuos Peligrosos
B130,Sistemas
B131,Residuos Peligrosos
B147,Residuos Peligrosos
B168,Centro de Servicio
B169,Centro de Servicio
B199,Centro de Servicio
B205,Centro de Servicio
B206,Centro de Servicio
B207,Centro de Servicio
B208,Centro de Servicio
B209,Residuos Peligrosos
B173,Centro de Servicio
B213,Sistemas
B220,Residuos Peligrosos
B226,Centro de Servicio
B223,Residuos Peligrosos
B231,Centro de Servicio
B170,Control de flujos
B251,Técnico Master
B225,Administración de la Cartera
B148,Recursos Humanos y capacitación
B149,Control de inventarios
B150,Control de inventarios
B152,Residuos Peligrosos
B153,Centro de Servicio
B154,Control de inventarios
B155,Control de inventarios
B157,Sistemas
B158,Control de flujos
B159,Control de flujos
B161,Contabilidad
B162,Administración de la Cartera
B163,Administración de la Cartera
B164,Administración de la Cartera
B140,Administración de la Cartera
B141,Control de inventarios
B122,Control de flujos
B119,Venta Mayoreo
B113,Ejecución de venta
B106,Recursos Humanos y capacitación
B96,Contabilidad
B92,Técnico Master
B93,Administración de la Cartera
B99,Técnico Master
B102,Administración de la Cartera
B38,Sistemas
B62,Control de inventarios
B63,Ejecución de venta
B40,Control de inventarios
B41,Control de inventarios
B33,Contabilidad
B1,Control de inventarios
B2,Sistemas
B65,Control de flujos
B70,Recursos Humanos y capacitación
B71,Control de inventarios
B73,Control de flujos
B75,Residuos Peligrosos
B10,Administración de la Cartera
B44,Sistemas
B45,Contabilidad
B46,Contabilidad
B47,Scorecards
B48,Scorecards
B50,Scorecards
B51,Impulsor de Mercado
B52,Impulsor de Mercado
B53,Scorecards
B54,Scorecards
B55,Scorecards
B57,Scorecards
B58,Scorecards
B59,Scorecards
B11,Recolección de usados
B24,CRM
B25,Planeación estrategica
B81,Supervisión de venta
B82,Supervisión de venta
B34,Recursos Humanos y capacitación
B42,Planeación estrategica
B43,Contabilidad
B64,Centro de Servicio
B104,Técnico Master
B97,Servicio Express
B98,Impulsor de Mercado
B87,Venta Mayoreo
B88,CRM
B90,Técnico Master
B120,Supervisión de venta
B123,Supervisión de venta
B137,Servicios Logisticos
B138,Servicios Logisticos
B142,Supervisión de venta
B143,Supervisión de venta
B144,Servicio a domicilio
B132,Técnico Master
B133,Planeación Financiera
B134,Planeación estrategica
B135,Servicio Express
B128,Planeación Financiera
B165,Recolección de usados
B166,Planeación Financiera
B167,Planeación estrategica
B249,Servicio a domicilio
B250,Servicios Logisticos
B171,Centro de Servicio
B172,Centro de Servicio
B175,Residuos Peligrosos
B176,Residuos Peligrosos
B177,Residuos Peligrosos
B178,Residuos Peligrosos
B185,Ejecución de venta
B186,Supervisión de venta
B180,Residuos Peligrosos
B181,Servicios Logisticos
B224,Servicios Logisticos
B245,Impulsor de Mercado
B246,Impulsor de Mercado
B247,Impulsor de Mercado
B233,Ejecución de venta
B234,Impulsor de Mercado
B235,Impulsor de Mercado
B236,Impulsor de Mercado
B237,Impulsor de Mercado
B238,Impulsor de Mercado
B239,Impulsor de Mercado
B240,CRM
B241,CRM
B242,CRM
B243,CRM
B227,Supervisión de venta
B228,Servicios Logisticos
B217,Residuos Peligrosos
B218,Residuos Peligrosos
B214,Ejecución de venta
B215,Ejecución de venta
B203,Residuos Peligrosos
B204,Ejecución de venta
B174,Ejecución de venta
B216,Ejecución de venta
B219,Ejecución de venta
B221,Ejecución de venta
B222,Ejecución de venta
B229,Ejecución de venta
B230,Centro de Servicio
B244,Impulsor de Mercado
B182,Manejo de otros productos
B183,Centro de Servicio
B184,Manejo de otros productos
B200,Centro de Servicio
B201,Ejecución de venta
B202,Ejecución de venta
B210,Centro de Servicio
B211,Centro de Servicio
B212,Ejecución de venta
B187,Prospecteo Vendedor
B188,Prospecteo Vendedor
B189,Prospecteo Vendedor
B190,Prospecteo Vendedor
B191,Prospecteo Vendedor
B192,Prospecteo Vendedor
B193,Prospecteo Vendedor
B194,Prospecteo Vendedor
B195,Prospecteo Vendedor
B196,Impulsor de Mercado
B116,Centro de Servicio
B117,Venta Mayoreo
B121,Ejecución de venta
B107,Centro de Servicio
B114,Venta Mayoreo
B111,Centro de Servicio
B91,Centro de Servicio
B89,Centro de Servicio
B103,Centro de Servicio
B100,Técnico Master
B101,Técnico Master
B94,Venta Mayoreo
B37,Centro de Servicio
B31,Venta Mayoreo
B69,Venta Mayoreo
B74,Ventas Flotillas
B72,Técnico Master
B83,Venta Mayoreo
B84,Venta Mayoreo
B85,Técnico Master
B86,Centro de Servicio
B77,Técnico Master
B78,Técnico Master
B79,Centro de Servicio
B80,Centro de Servicio
