Control de inventarios,A1
Centro de Servicio,A10
Técnico Master,A101
Técnico Master,A102
Técnico Master,A103
Centro de Servicio,A104
Centro de Servicio,A105
Supervisión de venta,A106
Supervisión de venta,A107
Venta Mayoreo,A108
Venta Mayoreo,A109
Administración de Cartera,A11
Ejecución de venta,A110
Venta Mayoreo,A111
Centro de Servicio,A112
Venta Mayoreo,A113
Impulsor de Mercado,A114
Impulsor de Mercado,A115
CRM,A116
Centro de Servicio,A117
Técnico Master,A118
Centro de Servicio,A119
Recolección de usados,A12
Técnico Master,A120
Administración de Cartera,A121
Venta Mayoreo,A122
Residuos Peligrosos,A123
Contabilidad,A124
Servicio Express,A125
Impulsor de Mercado,A126
Técnico Master,A127
Técnico Master,A128
Técnico Master,A129
Centro de Servicio,A13
Administración de Cartera,A130
Centro de Servicio,A131
Centro de Servicio,A132
Técnico Master,A133
Infraestructura General,A134
Recursos Humanos y capacitación,A135
Centro de Servicio,A136
Infraestructura General,A137
Centro de Servicio,A138
Centro de Servicio,A139
Centro de Servicio,A14
Centro de Servicio,A140
CRM,A141
Centro de Servicio,A142
Ejecución de venta,A143
Venta Mayoreo,A144
Impulsor de Mercado,A145
Impulsor de Mercado,A146
Impulsor de Mercado,A147
Impulsor de Mercado,A148
Centro de Servicio,A149
Ejecución de venta,A15
Centro de Servicio,A150
Venta Mayoreo,A151
Centro de Servicio,A152
Venta Mayoreo,A153
Supervisión de venta,A154
Ejecución de venta,A155
Control de flujos,A156
Supervisión de venta,A157
Centro de Servicio,A158
Residuos Peligrosos,A159
Impulsor de Mercado,A16
Residuos Peligrosos,A160
Impulsor de Mercado,A161
Planeación Financiera,A163
Residuos Peligrosos,A164
Sistemas,A165
Residuos Peligrosos,A166
Técnico Master,A167
Planeación Financiera,A168
Planeación estrategica,A169
Impulsor de Mercado,A17
Servicio Express,A170
Servicios Logisticos,A172
Impulsor de Mercado,A173
Servicios Logisticos,A174
Servicios Logisticos,A176
Administración de Cartera,A177
Control de inventarios,A178
Supervisión de venta,A179
Residuos Peligrosos,A18
Supervisión de venta,A180
Servicio a domicilio,A181
Técnico Master,A183
Servicio a domicilio,A185
Centro de Servicio,A186
Residuos Peligrosos,A188
Recursos Humanos y capacitación,A189
Infraestructura General,A19
Control de inventarios,A190
Control de inventarios,A191
Residuos Peligrosos,A193
Centro de Servicio,A194
Control de inventarios,A195
Control de inventarios,A196
Sistemas,A198
Control de flujos,A199
Sistemas,A2
Centro de Servicio,A20
Control de flujos,A200
Contabilidad,A202
Administración de Cartera,A203
Administración de Cartera,A204
Administración de Cartera,A205
Recolección de usados,A206
Planeación Financiera,A207
Planeación estrategica,A208
Impulsor de Mercado,A209
Residuos Peligrosos,A21
Planeación estrategica,A210
Impulsor de Mercado,A211
Centro de Servicio,A214
Centro de Servicio,A215
Control de flujos,A216
CRM,A217
Centro de Servicio,A218
CRM,A219
Centro de Servicio,A22
CRM,A220
Residuos Peligrosos,A23
Centro de Servicio,A24
Centro de Servicio,A25
Residuos Peligrosos,A26
Centro de Servicio,A27
CRM,A28
Planeación estrategica,A29
Residuos Peligrosos,A3
Centro de Servicio,A30
Infraestructura General,A31
Residuos Peligrosos,A32
Centro de Servicio,A33
Impulsor de Mercado,A34
Impulsor de Mercado,A35
Impulsor de Mercado,A36
Venta Mayoreo,A38
CRM,A39
Residuos Peligrosos,A4
Infraestructura General,A40
Contabilidad,A41
Recursos Humanos y capacitación,A42
Centro de Servicio,A43
Residuos Peligrosos,A44
Centro de Servicio,A45
Impulsor de Mercado,A46
Sistemas,A47
Centro de Servicio,A48
Control de inventarios,A49
Residuos Peligrosos,A5
Control de inventarios,A50
Planeación estrategica,A51
Contabilidad,A52
Sistemas,A53
Contabilidad,A54
Contabilidad,A55
Recursos Humanos y capacitación,A56
Scorecards,A57
Scorecards,A58
Centro de Servicio,A6
Scorecards,A60
Impulsor de Mercado,A61
Impulsor de Mercado,A62
Scorecards,A63
Scorecards,A64
Scorecards,A65
Scorecards,A66
Scorecards,A67
Scorecards,A68
Scorecards,A69
Sistemas,A7
Scorecards,A70
Scorecards,A71
Scorecards,A73
Scorecards,A74
Scorecards,A75
Scorecards,A76
Scorecards,A77
Centro de Servicio,A8
Control de inventarios,A80
Ejecución de venta,A81
Centro de Servicio,A82
Control de flujos,A83
Compensación de fuerza de ventas,A84
Compensación de fuerza de ventas,A85
Compensación de fuerza de ventas,A86
Compensación de fuerza de ventas,A87
Compensación de fuerza de ventas,A88
Centro de Servicio,A9
Venta Mayoreo,A91
Recursos Humanos y capacitación,A92
Ejecución de venta,A93
Control de inventarios,A94
Ejecución de venta,A96
Control de flujos,A97
Ventas Flotillas,A98
Residuos Peligrosos,A99
